eval/mean_return,eval/std_return,step,train/approx_kl,train/clip_frac_step_0,train/clip_frac_step_1,train/clip_frac_step_2,train/clip_frac_step_3,train/clip_fraction,train/entropy,train/iteration,train/lr,train/mean_episode_length,train/mean_reward,train/num_episodes,train/policy_loss,train/value_loss,train/weight_step_0,train/weight_step_1,train/weight_step_2,train/weight_step_3,wall_time
,,2048,0.006343307055067271,0.07402344048023224,0.07792969048023224,0.08061523735523224,0.085205078125,0.079443359375,34.176309406757355,1,0.0003,1000.0,-473.0056137991439,2,-0.014224439405370503,16.959866432845594,0.2453070729970932,0.24546624720096588,0.2555435597896576,0.2536831498146057,1.4121689796447754
,,4096,0.0059697098084143365,0.063232421875,0.068359375,0.07753906399011612,0.080322265625,0.07236328125,34.04371774196625,2,0.000225,1000.0,-410.4507258436214,2,-0.016088371982914396,13.349768617749215,0.2393846958875656,0.24599668383598328,0.25717392563819885,0.25744467973709106,2.788818836212158
-254.69799927405407,66.15252654033905,4096,nan,nan,nan,nan,nan,nan,nan,nan,nan,nan,nan,nan,nan,nan,nan,nan,nan,nan,5.803395986557007
nan,nan,6144,0.005168707558914321,0.05424804612994194,0.05615234375,0.06459961086511612,0.06572265923023224,0.0601806640625,33.97457993030548,3,0.00015,1000.0,-430.5595975917046,2,-0.014831712203158532,16.67043050378561,0.23875395953655243,0.24501089751720428,0.2570549547672272,0.2591802477836609,7.270612955093384
nan,nan,8192,0.004656492392678046,0.04150390625,0.05375976487994194,0.04667968675494194,0.05893554538488388,0.0502197265625,34.204312205314636,4,7.5e-05,1000.0,-388.49577711567895,2,-0.012538210047932808,13.839877676963805,0.2378271520137787,0.24487434327602386,0.25601571798324585,0.261282742023468,8.66832709312439
-247.00255073812454,58.760709667548255,8192,nan,nan,nan,nan,nan,nan,nan,nan,nan,nan,nan,nan,nan,nan,nan,nan,nan,nan,11.651762008666992
nan,nan,10240,0.0,0.0,0.0,0.0,0.0,0.0,34.062136793136595,5,0.0,1000.0,-426.62642871587786,2,-6.490154191851616e-10,17.996377024054528,0.2378271520137787,0.24487434327602386,0.25601571798324585,0.261282742023468,13.076771974563599
