eval/mean_return,eval/std_return,step,train/approx_kl,train/clip_fraction,train/entropy,train/iteration,train/lr,train/mean_episode_length,train/mean_reward,train/num_episodes,train/policy_loss,train/value_loss,wall_time
,,2048,0.017156673295539805,0.216943359375,17.528817588090895,1,0.0003,1000.0,-324.41246517249556,2,-0.04321768072550185,11.488248890638351,2.1216390132904053
,,4096,0.009430943115148693,0.1369140625,17.393086194992065,2,0.00015,1000.0,-469.96196787557926,2,-0.03774210794363171,28.098915523290636,3.9518518447875977
-245.53686365491427,50.30300258311808,4096,nan,nan,nan,nan,nan,nan,nan,nan,nan,nan,7.123593091964722
