eval/mean_return,eval/std_return,step,train/approx_kl,train/clip_frac_step_0,train/clip_frac_step_1,train/clip_frac_step_2,train/clip_frac_step_3,train/clip_fraction,train/entropy,train/iteration,train/mean_episode_length,train/mean_reward,train/num_episodes,train/policy_loss,train/value_loss,wall_time
,,2048,0.005096212580974679,0.03535156324505806,0.05185546725988388,0.05839843675494194,0.07475586235523224,0.05509033203125,34.14040414094925,1,1000.0,-0.49579738975277854,2,-0.008421584556344897,0.0023338713190241833,1.8149988651275635
,,4096,0.0061234090928337535,0.04169921949505806,0.06894531100988388,0.08266601711511612,0.097412109375,0.0726806640625,34.10268583297729,2,1000.0,-0.4236148202190161,2,-0.013475636499060783,0.0006908480107995274,3.5644478797912598
-0.47605399675555954,0.35205857549557923,4096,,,,,,,,,,,,,,7.262355804443359
,,6144,0.00746270544550498,0.07871093600988388,0.099853515625,0.1015625,0.11484374850988388,0.09874267578125,34.02432479858398,3,1000.0,-0.9516824829997113,2,-0.012324268816155382,0.00023447509773859564,9.073446035385132
,,8192,0.008803415128204506,0.106689453125,0.13359375298023224,0.12343750149011612,0.12124023586511612,0.121240234375,34.01718854904175,4,1000.0,-0.4172840234084952,2,-0.012523003345995676,0.0002343030981933225,10.741420030593872
-0.3771752002129304,0.4090069731213699,8192,,,,,,,,,,,,,,14.196754932403564
,,10240,0.008798661438777344,0.10996093600988388,0.12900391221046448,0.12480469048023224,0.10986328125,0.118408203125,34.14633333683014,5,1000.0,-0.9377580107127638,2,-0.013321025278128219,0.0003353898720831694,15.919409036636353
