eval/mean_return,eval/std_return,step,train/approx_kl,train/clip_frac_step_0,train/clip_frac_step_1,train/clip_frac_step_2,train/clip_frac_step_3,train/clip_fraction,train/entropy,train/eps_step_0,train/eps_step_1,train/eps_step_2,train/eps_step_3,train/iteration,train/kl_budget_step_0,train/kl_budget_step_1,train/kl_budget_step_2,train/kl_budget_step_3,train/lr,train/mean_episode_length,train/mean_reward,train/num_episodes,train/policy_loss,train/value_loss,wall_time
,,8192,0.0010062093675514915,0.03742675855755806,0.037353515625,0.03884277492761612,0.0399169921875,0.038385009765625,17.392289638519287,0.10042402893304825,0.10018321126699448,0.09942102432250977,0.09931372106075287,1,0.005060179624706507,0.005031667649745941,0.004954742733389139,0.00495340907946229,0.0003,1000.5,-353.5461150621053,8,-0.002143176371464506,10.626842740178109,2.060689926147461
,,16384,0.0008714541421795729,0.03090820275247097,0.02995605394244194,0.0308837890625,0.02980956993997097,0.030389404296875,17.37678292989731,0.09611780941486359,0.09976086765527725,0.10261788219213486,0.10098055750131607,2,0.004631616175174713,0.0049859462305903435,0.005275378469377756,0.005107059143483639,0.0002,1001.0,-356.86663296827214,8,-0.0023184078148915433,11.898711636662483,3.922166109085083
,,24576,0.00045093290209479163,0.0084228515625,0.00913085974752903,0.009033203125,0.008984374813735485,0.008892822265625,17.46217918395996,0.09496896713972092,0.09973963350057602,0.10118613392114639,0.10345222055912018,3,0.004519548267126083,0.004984686151146889,0.005129360593855381,0.005366404540836811,0.0001,1001.0,-285.2487838974738,8,-0.0014428971684537829,11.626794695854187,5.724402904510498
-253.27842761454673,80.34843240298193,24576,nan,nan,nan,nan,nan,nan,nan,nan,nan,nan,nan,nan,nan,nan,nan,nan,nan,nan,nan,nan,nan,nan,8.957689046859741
