eval/mean_return,eval/std_return,step,train/approx_kl,train/clip_frac_step_0,train/clip_frac_step_1,train/clip_frac_step_2,train/clip_frac_step_3,train/clip_fraction,train/entropy,train/iteration,train/mean_episode_length,train/mean_reward,train/num_episodes,train/policy_loss,train/value_loss,train/weight_step_0,train/weight_step_1,train/weight_step_2,train/weight_step_3,wall_time
,,2048,0.005113843440631172,0.03554687649011612,0.05229492112994194,0.05800781399011612,0.07529296725988388,0.05528564453125,34.14043300151825,1,1000.0,-0.49579738975277854,2,-0.008427758241305127,0.0023338713190241833,0.2447768896818161,0.2503185272216797,0.2535649240016937,0.25133970379829407,1.6093828678131104
,,4096,0.006025683705956908,0.04140625149011612,0.06777343899011612,0.08139648288488388,0.09521484375,0.07144775390625,34.10136353969574,2,1000.0,-0.423563870934342,2,-0.01363601802586345,0.000690108332400996,0.23895777761936188,0.2532339096069336,0.24917882680892944,0.2586295008659363,3.354583978652954
-0.47661875537849613,0.35127326685903704,4096,,,,,,,,,,,,,,,,,,6.961945056915283
,,6144,0.007541533144831192,0.07680664211511612,0.10332031548023224,0.103759765625,0.11674804985523224,0.10015869140625,34.02344435453415,3,1000.0,-0.9513224762733734,2,-0.012270308677398135,0.0002351834545379461,0.2390141487121582,0.2531077563762665,0.2457256317138672,0.2621524930000305,8.682878017425537
,,8192,0.008778120268834755,0.10371093451976776,0.13398437201976776,0.12578125298023224,0.12324218451976776,0.1216796875,34.017101156711576,4,1000.0,-0.4201221568051636,2,-0.012335613198229112,0.00023505650086121931,0.23448872566223145,0.2555765211582184,0.24553804099559784,0.26439666748046875,10.296424865722656
-0.3787293890079121,0.41012296463326453,8192,,,,,,,,,,,,,,,,,,13.684339046478271
,,10240,0.00900552296807291,0.11611328274011612,0.13188476860523224,0.12617187201976776,0.11088867485523224,0.1212646484375,34.14644410610199,5,1000.0,-0.9346200505974199,2,-0.013294682071136776,0.00034047429470547287,0.22850190103054047,0.25915858149528503,0.25002622604370117,0.26231324672698975,15.281957864761353
