eval/mean_return,eval/std_return,step,train/approx_kl,train/clip_fraction,train/entropy,train/iteration,train/mean_episode_length,train/mean_reward,train/num_episodes,train/policy_loss,train/value_loss,wall_time
,,2048,0.009080959559651092,0.12978515625,34.12481724023819,1,1000.0,-0.48144888603356467,2,-0.025218635887722485,0.0017206181983056013,2.467979907989502
,,4096,0.012155684918980114,0.18154296875,34.08541822433472,2,1024.0,12.987870138467713,2,-0.039302189761656336,0.016542728804051877,5.374014139175415
1.7819911296575455,0.41652975510627654,4096,,,,,,,,,,9.498981952667236
,,6144,0.014240505950874649,0.18701171875,34.00455836057663,3,1024.0,23.347156761750114,2,-0.039567241136683154,0.03794014181476087,11.794887065887451
,,8192,0.016228668336407282,0.21513671875,33.98889038562775,4,1024.0,35.22425116954517,2,-0.043592077656649054,0.0599339327425696,14.021799087524414
8.79864324065775,1.457610809269484,8192,,,,,,,,,,17.55943202972412
,,10240,0.01864085996930953,0.245361328125,34.11673451662064,5,1024.0,57.97647475125523,2,-0.04657054795825388,0.110278857848607,19.816171169281006
