eval/mean_return,eval/std_return,step,train/approx_kl,train/clip_fraction,train/entropy,train/iteration,train/lr,train/mean_episode_length,train/mean_reward,train/num_episodes,train/policy_loss,train/value_loss,wall_time
,,8192,0.012827927974285558,0.176025390625,17.401014441996814,1,0.0003,1000.5,-353.5461150621053,8,-0.02794797306014516,5.771781501546502,5.386420965194702
-331.32746746148797,68.09794632902384,8192,nan,nan,nan,nan,nan,nan,nan,nan,nan,nan,8.657044887542725
nan,nan,16384,0.012650497401045869,0.17998046875,17.442506532371045,2,0.000225,1001.0,-354.17505054864233,8,-0.03900258383800974,6.072567992471159,14.02134919166565
-306.0298573320732,89.7263175738634,16384,nan,nan,nan,nan,nan,nan,nan,nan,nan,nan,17.357166051864624
nan,nan,24576,0.011540767973929177,0.16253662109375,17.36663338840008,3,0.00015,1001.0,-335.0240758131133,8,-0.03840247303851356,5.7403775785118345,23.208988904953003
-292.95745641835214,51.500897576284615,24576,nan,nan,nan,nan,nan,nan,nan,nan,nan,nan,27.1498601436615
nan,nan,32768,0.00854581685634912,0.1185791015625,17.41557959020138,4,7.5e-05,1001.0,-396.5958189649904,8,-0.03182365645916434,6.8355090375989676,32.638739824295044
-255.47169158684983,67.69073767199036,32768,nan,nan,nan,nan,nan,nan,nan,nan,nan,nan,35.906879901885986
