eval/mean_return,eval/std_return,step,train/approx_kl,train/clip_frac_step_0,train/clip_frac_step_1,train/clip_frac_step_2,train/clip_frac_step_3,train/clip_fraction,train/entropy,train/iteration,train/lr,train/mean_episode_length,train/mean_reward,train/num_episodes,train/policy_loss,train/value_loss,wall_time
,,2048,0.006392035425233189,0.073974609375,0.078857421875,0.08041992038488388,0.08564452826976776,0.07972412109375,34.176310420036316,1,0.0003,1000.0,-473.0056137991439,2,-0.014213746870518662,16.95986902117729,1.6123409271240234
,,4096,0.0061408446323184766,0.06386718899011612,0.08076171576976776,0.07255859673023224,0.08051757514476776,0.07442626953125,34.04955676794052,2,0.000225,1000.0,-318.244541799134,2,-0.016078266099793837,13.950411188602448,3.0949177742004395
-276.52594617631115,65.27296292394956,4096,nan,nan,nan,nan,nan,nan,nan,nan,nan,nan,nan,nan,nan,nan,6.208890914916992
nan,nan,6144,0.00630367434641812,0.06884765625,0.07451172173023224,0.08071289211511612,0.09160156548023224,0.07891845703125,33.97814763784409,3,0.00015,1000.0,-348.9631412807013,2,-0.01797808041301323,12.20613672286272,7.9126269817352295
nan,nan,8192,0.004327977599314181,0.04931640625,0.04892577975988388,0.04267578199505806,0.04482422024011612,0.046435546875,34.19968957901001,4,7.5e-05,1000.0,-365.49438800011296,2,-0.013874642766313627,12.050963859260083,9.450495958328247
-276.05355921839487,79.74569882040413,8192,nan,nan,nan,nan,nan,nan,nan,nan,nan,nan,nan,nan,nan,nan,12.547207832336426
nan,nan,10240,0.0,0.0,0.0,0.0,0.0,0.0,34.062136602401736,5,0.0,1000.0,-430.35397263003307,2,2.5713234208524225e-09,17.258947387337685,13.97646164894104
